element_id,element_group_id,cutting_pattern_id,part_id,part_count,total_part_length,L,T_w
E1-1,E1,C0^E1,['P17'],1.0,1200.0,1200,0.0
E1-2,E1,C0^E1,['P17'],1.0,1200.0,1200,0.0
E1-3,E1,C0^E1,['P17'],1.0,1200.0,1200,0.0
E1-4,E1,C0^E1,['P17'],1.0,1200.0,1200,0.0
E1-5,E1,C0^E1,['P17'],1.0,1200.0,1200,0.0
E1-6,E1,C0^E1,['P17'],1.0,1200.0,1200,0.0
E1-7,E1,C0^E1,['P17'],1.0,1200.0,1200,0.0
E1-8,E1,C0^E1,['P17'],1.0,1200.0,1200,0.0
E1-9,E1,C0^E1,['P17'],1.0,1200.0,1200,0.0
E1-10,E1,C0^E1,['P17'],1.0,1200.0,1200,0.0
E1-11,E1,C0^E1,['P17'],1.0,1200.0,1200,0.0
E1-12,E1,C0^E1,['P17'],1.0,1200.0,1200,0.0
E1-13,E1,C0^E1,['P17'],1.0,1200.0,1200,0.0
E1-14,E1,C0^E1,['P17'],1.0,1200.0,1200,0.0
E1-15,E1,C0^E1,['P17'],1.0,1200.0,1200,0.0
E1-16,E1,C0^E1,['P17'],1.0,1200.0,1200,0.0
E1-17,E1,C0^E1,['P17'],1.0,1200.0,1200,0.0
E1-18,E1,C0^E1,['P17'],1.0,1200.0,1200,0.0
E1-19,E1,C0^E1,['P17'],1.0,1200.0,1200,0.0
E2-1,E2,C1^E2,['P17'],1.0,1200.0,1500,300.0
E2-2,E2,C1^E2,['P17'],1.0,1200.0,1500,300.0
E2-3,E2,C1^E2,['P17'],1.0,1200.0,1500,300.0
E2-4,E2,C1^E2,['P17'],1.0,1200.0,1500,300.0
E2-5,E2,C1^E2,['P17'],1.0,1200.0,1500,300.0
E2-6,E2,C1^E2,['P17'],1.0,1200.0,1500,300.0
E2-7,E2,C1^E2,['P17'],1.0,1200.0,1500,300.0
E2-8,E2,C1^E2,['P17'],1.0,1200.0,1500,300.0
E2-9,E2,C1^E2,['P17'],1.0,1200.0,1500,300.0
E2-10,E2,C1^E2,['P17'],1.0,1200.0,1500,300.0
E2-11,E2,C1^E2,['P17'],1.0,1200.0,1500,300.0
E2-12,E2,C1^E2,['P17'],1.0,1200.0,1500,300.0
E2-13,E2,C1^E2,['P17'],1.0,1200.0,1500,300.0
E2-14,E2,C1^E2,['P17'],1.0,1200.0,1500,300.0
E2-15,E2,C1^E2,['P17'],1.0,1200.0,1500,300.0
E2-16,E2,C1^E2,['P17'],1.0,1200.0,1500,300.0
E2-17,E2,C1^E2,['P17'],1.0,1200.0,1500,300.0
E2-18,E2,C1^E2,['P17'],1.0,1200.0,1500,300.0
E2-19,E2,C1^E2,['P17'],1.0,1200.0,1500,300.0
E2-20,E2,C1^E2,['P17'],1.0,1200.0,1500,300.0
E2-21,E2,C1^E2,['P17'],1.0,1200.0,1500,300.0
E2-22,E2,C1^E2,['P17'],1.0,1200.0,1500,300.0
E2-23,E2,C1^E2,['P17'],1.0,1200.0,1500,300.0
E2-24,E2,C1^E2,['P17'],1.0,1200.0,1500,300.0
E2-25,E2,C1^E2,['P17'],1.0,1200.0,1500,300.0
E2-26,E2,C1^E2,['P17'],1.0,1200.0,1500,300.0
E2-27,E2,C1^E2,['P17'],1.0,1200.0,1500,300.0
E2-28,E2,C1^E2,['P17'],1.0,1200.0,1500,300.0
E2-29,E2,C1^E2,['P17'],1.0,1200.0,1500,300.0
E2-30,E2,C1^E2,['P17'],1.0,1200.0,1500,300.0
E2-31,E2,C1^E2,['P17'],1.0,1200.0,1500,300.0
E2-32,E2,C1^E2,['P17'],1.0,1200.0,1500,300.0
E2-33,E2,C1^E2,['P17'],1.0,1200.0,1500,300.0
E2-34,E2,C1^E2,['P17'],1.0,1200.0,1500,300.0
E2-35,E2,C1^E2,['P17'],1.0,1200.0,1500,300.0
E2-36,E2,C1^E2,['P17'],1.0,1200.0,1500,300.0
E2-37,E2,C1^E2,['P17'],1.0,1200.0,1500,300.0
E2-38,E2,C1^E2,['P17'],1.0,1200.0,1500,300.0
E2-39,E2,C1^E2,['P17'],1.0,1200.0,1500,300.0
E2-40,E2,C1^E2,['P17'],1.0,1200.0,1500,300.0
E2-41,E2,C1^E2,['P17'],1.0,1200.0,1500,300.0
E2-42,E2,C1^E2,['P17'],1.0,1200.0,1500,300.0
E2-43,E2,C1^E2,['P17'],1.0,1200.0,1500,300.0
E2-44,E2,C1^E2,['P17'],1.0,1200.0,1500,300.0
E2-45,E2,C1^E2,['P17'],1.0,1200.0,1500,300.0
E2-46,E2,C1^E2,['P17'],1.0,1200.0,1500,300.0
E2-47,E2,C1^E2,['P17'],1.0,1200.0,1500,300.0
E2-48,E2,C1^E2,['P17'],1.0,1200.0,1500,300.0
E2-49,E2,C1^E2,['P17'],1.0,1200.0,1500,300.0
E2-50,E2,C1^E2,['P17'],1.0,1200.0,1500,300.0
E2-51,E2,C1^E2,['P17'],1.0,1200.0,1500,300.0
E2-52,E2,C1^E2,['P17'],1.0,1200.0,1500,300.0
E2-53,E2,C1^E2,['P17'],1.0,1200.0,1500,300.0
E2-54,E2,C1^E2,['P17'],1.0,1200.0,1500,300.0
E2-55,E2,C1^E2,['P17'],1.0,1200.0,1500,300.0
E2-56,E2,C1^E2,['P17'],1.0,1200.0,1500,300.0
E2-57,E2,C1^E2,['P17'],1.0,1200.0,1500,300.0
E2-58,E2,C1^E2,['P17'],1.0,1200.0,1500,300.0
E2-59,E2,C1^E2,['P17'],1.0,1200.0,1500,300.0
E2-60,E2,C1^E2,['P17'],1.0,1200.0,1500,300.0
E2-61,E2,C1^E2,['P17'],1.0,1200.0,1500,300.0
E2-62,E2,C1^E2,['P17'],1.0,1200.0,1500,300.0
E2-63,E2,C1^E2,['P17'],1.0,1200.0,1500,300.0
E2-64,E2,C1^E2,['P17'],1.0,1200.0,1500,300.0
E2-65,E2,C1^E2,['P17'],1.0,1200.0,1500,300.0
E2-66,E2,,,,,1500,
E2-67,E2,,,,,1500,
E2-68,E2,,,,,1500,
E2-69,E2,,,,,1500,
E2-70,E2,,,,,1500,
E2-71,E2,,,,,1500,
E2-72,E2,,,,,1500,
E2-73,E2,,,,,1500,
E2-74,E2,,,,,1500,
E2-75,E2,,,,,1500,
E3-1,E3,C3^E3,['P18'],1.0,1800.0,1800,0.0
E3-2,E3,C3^E3,['P18'],1.0,1800.0,1800,0.0
E3-3,E3,C3^E3,['P18'],1.0,1800.0,1800,0.0
E3-4,E3,C3^E3,['P18'],1.0,1800.0,1800,0.0
E3-5,E3,C3^E3,['P18'],1.0,1800.0,1800,0.0
E3-6,E3,C3^E3,['P18'],1.0,1800.0,1800,0.0
E3-7,E3,C3^E3,['P18'],1.0,1800.0,1800,0.0
E3-8,E3,C3^E3,['P18'],1.0,1800.0,1800,0.0
E3-9,E3,C3^E3,['P18'],1.0,1800.0,1800,0.0
E3-10,E3,C3^E3,['P18'],1.0,1800.0,1800,0.0
E3-11,E3,C3^E3,['P18'],1.0,1800.0,1800,0.0
E3-12,E3,C3^E3,['P18'],1.0,1800.0,1800,0.0
E3-13,E3,C3^E3,['P18'],1.0,1800.0,1800,0.0
E3-14,E3,C3^E3,['P18'],1.0,1800.0,1800,0.0
E3-15,E3,C3^E3,['P18'],1.0,1800.0,1800,0.0
E3-16,E3,C3^E3,['P18'],1.0,1800.0,1800,0.0
E3-17,E3,C3^E3,['P18'],1.0,1800.0,1800,0.0
E3-18,E3,C3^E3,['P18'],1.0,1800.0,1800,0.0
E3-19,E3,C3^E3,['P18'],1.0,1800.0,1800,0.0
E3-20,E3,C3^E3,['P18'],1.0,1800.0,1800,0.0
E3-21,E3,C3^E3,['P18'],1.0,1800.0,1800,0.0
E3-22,E3,C3^E3,['P18'],1.0,1800.0,1800,0.0
E3-23,E3,C3^E3,['P18'],1.0,1800.0,1800,0.0
E3-24,E3,C3^E3,['P18'],1.0,1800.0,1800,0.0
E3-25,E3,C3^E3,['P18'],1.0,1800.0,1800,0.0
E3-26,E3,C3^E3,['P18'],1.0,1800.0,1800,0.0
E3-27,E3,C3^E3,['P18'],1.0,1800.0,1800,0.0
E3-28,E3,C3^E3,['P18'],1.0,1800.0,1800,0.0
E3-29,E3,C3^E3,['P18'],1.0,1800.0,1800,0.0
E3-30,E3,C3^E3,['P18'],1.0,1800.0,1800,0.0
E3-31,E3,C3^E3,['P18'],1.0,1800.0,1800,0.0
E3-32,E3,C3^E3,['P18'],1.0,1800.0,1800,0.0
E3-33,E3,C3^E3,['P18'],1.0,1800.0,1800,0.0
E3-34,E3,C3^E3,['P18'],1.0,1800.0,1800,0.0
E3-35,E3,C3^E3,['P18'],1.0,1800.0,1800,0.0
E3-36,E3,C3^E3,['P18'],1.0,1800.0,1800,0.0
E3-37,E3,C3^E3,['P18'],1.0,1800.0,1800,0.0
E3-38,E3,C3^E3,['P18'],1.0,1800.0,1800,0.0
E3-39,E3,C3^E3,['P18'],1.0,1800.0,1800,0.0
E3-40,E3,C3^E3,['P18'],1.0,1800.0,1800,0.0
E3-41,E3,C3^E3,['P18'],1.0,1800.0,1800,0.0
E3-42,E3,C3^E3,['P18'],1.0,1800.0,1800,0.0
E3-43,E3,C3^E3,['P18'],1.0,1800.0,1800,0.0
E3-44,E3,C3^E3,['P18'],1.0,1800.0,1800,0.0
E3-45,E3,C3^E3,['P18'],1.0,1800.0,1800,0.0
E3-46,E3,C3^E3,['P18'],1.0,1800.0,1800,0.0
E3-47,E3,C3^E3,['P18'],1.0,1800.0,1800,0.0
E3-48,E3,C3^E3,['P18'],1.0,1800.0,1800,0.0
E3-49,E3,C3^E3,['P18'],1.0,1800.0,1800,0.0
E3-50,E3,C3^E3,['P18'],1.0,1800.0,1800,0.0
E3-51,E3,C3^E3,['P18'],1.0,1800.0,1800,0.0
E3-52,E3,C3^E3,['P18'],1.0,1800.0,1800,0.0
E3-53,E3,C3^E3,['P18'],1.0,1800.0,1800,0.0
E3-54,E3,C3^E3,['P18'],1.0,1800.0,1800,0.0
E3-55,E3,C3^E3,['P18'],1.0,1800.0,1800,0.0
E3-56,E3,C3^E3,['P18'],1.0,1800.0,1800,0.0
E3-57,E3,C3^E3,['P18'],1.0,1800.0,1800,0.0
E3-58,E3,C3^E3,['P18'],1.0,1800.0,1800,0.0
E3-59,E3,C3^E3,['P18'],1.0,1800.0,1800,0.0
E3-60,E3,C3^E3,['P18'],1.0,1800.0,1800,0.0
E3-61,E3,C3^E3,['P18'],1.0,1800.0,1800,0.0
E3-62,E3,C3^E3,['P18'],1.0,1800.0,1800,0.0
E3-63,E3,C3^E3,['P18'],1.0,1800.0,1800,0.0
E3-64,E3,C3^E3,['P18'],1.0,1800.0,1800,0.0
E3-65,E3,C3^E3,['P18'],1.0,1800.0,1800,0.0
E3-66,E3,C3^E3,['P18'],1.0,1800.0,1800,0.0
E3-67,E3,C3^E3,['P18'],1.0,1800.0,1800,0.0
E3-68,E3,C3^E3,['P18'],1.0,1800.0,1800,0.0
E3-69,E3,C3^E3,['P18'],1.0,1800.0,1800,0.0
E3-70,E3,C3^E3,['P18'],1.0,1800.0,1800,0.0
E3-71,E3,C3^E3,['P18'],1.0,1800.0,1800,0.0
E3-72,E3,C3^E3,['P18'],1.0,1800.0,1800,0.0
E3-73,E3,C3^E3,['P18'],1.0,1800.0,1800,0.0
E3-74,E3,C3^E3,['P18'],1.0,1800.0,1800,0.0
E3-75,E3,C3^E3,['P18'],1.0,1800.0,1800,0.0
E4-1,E4,C5^E4,['P18'],1.0,1800.0,2100,300.0
E4-2,E4,C5^E4,['P18'],1.0,1800.0,2100,300.0
E4-3,E4,C5^E4,['P18'],1.0,1800.0,2100,300.0
E4-4,E4,C5^E4,['P18'],1.0,1800.0,2100,300.0
E4-5,E4,C5^E4,['P18'],1.0,1800.0,2100,300.0
E4-6,E4,C5^E4,['P18'],1.0,1800.0,2100,300.0
E4-7,E4,C5^E4,['P18'],1.0,1800.0,2100,300.0
E4-8,E4,C5^E4,['P18'],1.0,1800.0,2100,300.0
E4-9,E4,C5^E4,['P18'],1.0,1800.0,2100,300.0
E4-10,E4,C5^E4,['P18'],1.0,1800.0,2100,300.0
E4-11,E4,C5^E4,['P18'],1.0,1800.0,2100,300.0
E4-12,E4,C5^E4,['P18'],1.0,1800.0,2100,300.0
E4-13,E4,C5^E4,['P18'],1.0,1800.0,2100,300.0
E4-14,E4,,,,,2100,
E4-15,E4,,,,,2100,
E4-16,E4,,,,,2100,
E4-17,E4,,,,,2100,
E4-18,E4,,,,,2100,
E4-19,E4,,,,,2100,
E4-20,E4,,,,,2100,
E4-21,E4,,,,,2100,
E4-22,E4,,,,,2100,
E4-23,E4,,,,,2100,
E5-1,E5,,,,,2300,
E5-2,E5,,,,,2300,
E5-3,E5,,,,,2300,
E5-4,E5,,,,,2300,
E5-5,E5,,,,,2300,
E5-6,E5,,,,,2300,
E5-7,E5,,,,,2300,
E5-8,E5,,,,,2300,
E5-9,E5,,,,,2300,
E5-10,E5,,,,,2300,
E5-11,E5,,,,,2300,
E5-12,E5,,,,,2300,
E5-13,E5,,,,,2300,
E5-14,E5,,,,,2300,
E5-15,E5,,,,,2300,
E5-16,E5,,,,,2300,
E5-17,E5,,,,,2300,
E5-18,E5,,,,,2300,
E5-19,E5,,,,,2300,
E5-20,E5,,,,,2300,
E5-21,E5,,,,,2300,
E5-22,E5,,,,,2300,
E5-23,E5,,,,,2300,
E5-24,E5,,,,,2300,
E5-25,E5,,,,,2300,
E5-26,E5,,,,,2300,
E5-27,E5,,,,,2300,
E5-28,E5,,,,,2300,
E5-29,E5,,,,,2300,
E5-30,E5,,,,,2300,
E5-31,E5,,,,,2300,
E5-32,E5,,,,,2300,
E5-33,E5,,,,,2300,
E5-34,E5,,,,,2300,
E5-35,E5,,,,,2300,
E5-36,E5,,,,,2300,
E5-37,E5,,,,,2300,
E5-38,E5,,,,,2300,
E5-39,E5,,,,,2300,
E5-40,E5,,,,,2300,
E5-41,E5,,,,,2300,
E5-42,E5,,,,,2300,
E5-43,E5,,,,,2300,
E5-44,E5,,,,,2300,
E5-45,E5,,,,,2300,
E5-46,E5,,,,,2300,
E5-47,E5,,,,,2300,
E5-48,E5,,,,,2300,
E5-49,E5,,,,,2300,
E5-50,E5,,,,,2300,
E5-51,E5,,,,,2300,
E5-52,E5,,,,,2300,
E5-53,E5,,,,,2300,
E5-54,E5,,,,,2300,
E6-1,E6,C8^E6,['P2'],1.0,2400.0,2700,300.0
E6-2,E6,C8^E6,['P2'],1.0,2400.0,2700,300.0
E6-3,E6,C8^E6,['P2'],1.0,2400.0,2700,300.0
E6-4,E6,C8^E6,['P2'],1.0,2400.0,2700,300.0
E6-5,E6,C8^E6,['P2'],1.0,2400.0,2700,300.0
E6-6,E6,C8^E6,['P2'],1.0,2400.0,2700,300.0
E6-7,E6,C8^E6,['P2'],1.0,2400.0,2700,300.0
E6-8,E6,C8^E6,['P2'],1.0,2400.0,2700,300.0
E6-9,E6,C8^E6,['P2'],1.0,2400.0,2700,300.0
E6-10,E6,C8^E6,['P2'],1.0,2400.0,2700,300.0
E6-11,E6,C8^E6,['P2'],1.0,2400.0,2700,300.0
E6-12,E6,C8^E6,['P2'],1.0,2400.0,2700,300.0
E6-13,E6,C8^E6,['P2'],1.0,2400.0,2700,300.0
E6-14,E6,C8^E6,['P2'],1.0,2400.0,2700,300.0
E6-15,E6,C8^E6,['P2'],1.0,2400.0,2700,300.0
E6-16,E6,C8^E6,['P2'],1.0,2400.0,2700,300.0
E6-17,E6,C8^E6,['P2'],1.0,2400.0,2700,300.0
E6-18,E6,C8^E6,['P2'],1.0,2400.0,2700,300.0
E6-19,E6,C8^E6,['P2'],1.0,2400.0,2700,300.0
E6-20,E6,C8^E6,['P2'],1.0,2400.0,2700,300.0
E6-21,E6,C8^E6,['P2'],1.0,2400.0,2700,300.0
E6-22,E6,C8^E6,['P2'],1.0,2400.0,2700,300.0
E6-23,E6,C8^E6,['P2'],1.0,2400.0,2700,300.0
E6-24,E6,C8^E6,['P2'],1.0,2400.0,2700,300.0
E6-25,E6,C8^E6,['P2'],1.0,2400.0,2700,300.0
E6-26,E6,C8^E6,['P2'],1.0,2400.0,2700,300.0
E6-27,E6,C8^E6,['P2'],1.0,2400.0,2700,300.0
E6-28,E6,C8^E6,['P2'],1.0,2400.0,2700,300.0
E6-29,E6,C8^E6,['P2'],1.0,2400.0,2700,300.0
E6-30,E6,C8^E6,['P2'],1.0,2400.0,2700,300.0
E6-31,E6,C8^E6,['P2'],1.0,2400.0,2700,300.0
E6-32,E6,C8^E6,['P2'],1.0,2400.0,2700,300.0
E6-33,E6,C8^E6,['P2'],1.0,2400.0,2700,300.0
E6-34,E6,C8^E6,['P2'],1.0,2400.0,2700,300.0
E6-35,E6,C8^E6,['P2'],1.0,2400.0,2700,300.0
E6-36,E6,C8^E6,['P2'],1.0,2400.0,2700,300.0
E7-1,E7,C11^E7,['P2'],1.0,2400.0,3000,600.0
E7-2,E7,C11^E7,['P2'],1.0,2400.0,3000,600.0
E7-3,E7,C11^E7,['P2'],1.0,2400.0,3000,600.0
E7-4,E7,C11^E7,['P2'],1.0,2400.0,3000,600.0
E7-5,E7,C11^E7,['P2'],1.0,2400.0,3000,600.0
E7-6,E7,C11^E7,['P2'],1.0,2400.0,3000,600.0
E7-7,E7,C11^E7,['P2'],1.0,2400.0,3000,600.0
E7-8,E7,C11^E7,['P2'],1.0,2400.0,3000,600.0
E7-9,E7,C11^E7,['P2'],1.0,2400.0,3000,600.0
E7-10,E7,C11^E7,['P2'],1.0,2400.0,3000,600.0
E7-11,E7,C11^E7,['P2'],1.0,2400.0,3000,600.0
E7-12,E7,C11^E7,['P2'],1.0,2400.0,3000,600.0
E7-13,E7,C11^E7,['P2'],1.0,2400.0,3000,600.0
E7-14,E7,C11^E7,['P2'],1.0,2400.0,3000,600.0
E7-15,E7,C11^E7,['P2'],1.0,2400.0,3000,600.0
E7-16,E7,C11^E7,['P2'],1.0,2400.0,3000,600.0
E7-17,E7,C11^E7,['P2'],1.0,2400.0,3000,600.0
E7-18,E7,C11^E7,['P2'],1.0,2400.0,3000,600.0
E7-19,E7,C11^E7,['P2'],1.0,2400.0,3000,600.0
E7-20,E7,C11^E7,['P2'],1.0,2400.0,3000,600.0
E7-21,E7,C11^E7,['P2'],1.0,2400.0,3000,600.0
E7-22,E7,C11^E7,['P2'],1.0,2400.0,3000,600.0
E7-23,E7,C11^E7,['P2'],1.0,2400.0,3000,600.0
E7-24,E7,C11^E7,['P2'],1.0,2400.0,3000,600.0
E7-25,E7,C11^E7,['P2'],1.0,2400.0,3000,600.0
E7-26,E7,C11^E7,['P2'],1.0,2400.0,3000,600.0
E7-27,E7,C11^E7,['P2'],1.0,2400.0,3000,600.0
E7-28,E7,C11^E7,['P2'],1.0,2400.0,3000,600.0
E7-29,E7,C11^E7,['P2'],1.0,2400.0,3000,600.0
E7-30,E7,C11^E7,['P2'],1.0,2400.0,3000,600.0
E7-31,E7,C11^E7,['P2'],1.0,2400.0,3000,600.0
E7-32,E7,C11^E7,['P2'],1.0,2400.0,3000,600.0
E7-33,E7,C11^E7,['P2'],1.0,2400.0,3000,600.0
E7-34,E7,C11^E7,['P2'],1.0,2400.0,3000,600.0
E7-35,E7,C11^E7,['P2'],1.0,2400.0,3000,600.0
E8-1,E8,C15^E8,['P2'],1.0,2400.0,3300,900.0
E8-2,E8,C15^E8,['P2'],1.0,2400.0,3300,900.0
E8-3,E8,C15^E8,['P2'],1.0,2400.0,3300,900.0
E8-4,E8,C15^E8,['P2'],1.0,2400.0,3300,900.0
E8-5,E8,C15^E8,['P2'],1.0,2400.0,3300,900.0
E8-6,E8,C15^E8,['P2'],1.0,2400.0,3300,900.0
E8-7,E8,C15^E8,['P2'],1.0,2400.0,3300,900.0
E8-8,E8,C16^E8,['P19'],1.0,3000.0,3300,300.0
E8-9,E8,C16^E8,['P19'],1.0,3000.0,3300,300.0
E8-10,E8,C16^E8,['P19'],1.0,3000.0,3300,300.0
E8-11,E8,C16^E8,['P19'],1.0,3000.0,3300,300.0
E9-1,E9,C21^E9,"['P2', 'P17']",2.0,3600.0,3600,0.0
E9-2,E9,C21^E9,"['P2', 'P17']",2.0,3600.0,3600,0.0
E9-3,E9,C21^E9,"['P2', 'P17']",2.0,3600.0,3600,0.0
E9-4,E9,C21^E9,"['P2', 'P17']",2.0,3600.0,3600,0.0
E9-5,E9,C21^E9,"['P2', 'P17']",2.0,3600.0,3600,0.0
E10-1,E10,C27^E10,"['P2', 'P17']",2.0,3600.0,3900,300.0
E10-2,E10,C27^E10,"['P2', 'P17']",2.0,3600.0,3900,300.0
E10-3,E10,C27^E10,"['P2', 'P17']",2.0,3600.0,3900,300.0
E11-1,E11,C34^E11,"['P2', 'P18']",2.0,4200.0,4200,0.0
E11-2,E11,C34^E11,"['P2', 'P18']",2.0,4200.0,4200,0.0
E11-3,E11,C34^E11,"['P2', 'P18']",2.0,4200.0,4200,0.0
E12-1,E12,C42^E12,"['P2', 'P18']",2.0,4200.0,4500,300.0
E13-1,E13,C0^E13,['P5'],1.0,800.0,1200,400.0
E13-2,E13,,,,,1200,
E13-3,E13,,,,,1200,
E13-4,E13,,,,,1200,
E13-5,E13,,,,,1200,
E13-6,E13,,,,,1200,
E13-7,E13,,,,,1200,
E13-8,E13,,,,,1200,
E14-1,E14,,,,,1500,
E14-2,E14,,,,,1500,
E14-3,E14,,,,,1500,
E14-4,E14,,,,,1500,
E14-5,E14,,,,,1500,
E14-6,E14,,,,,1500,
E14-7,E14,,,,,1500,
E14-8,E14,,,,,1500,
E14-9,E14,,,,,1500,
E15-1,E15,C3^E15,"['P5', 'P5']",2.0,1600.0,1800,200.0
E15-2,E15,C3^E15,"['P5', 'P5']",2.0,1600.0,1800,200.0
E15-3,E15,C3^E15,"['P5', 'P5']",2.0,1600.0,1800,200.0
E15-4,E15,C3^E15,"['P5', 'P5']",2.0,1600.0,1800,200.0
E15-5,E15,C3^E15,"['P5', 'P5']",2.0,1600.0,1800,200.0
E15-6,E15,C3^E15,"['P5', 'P5']",2.0,1600.0,1800,200.0
E15-7,E15,C3^E15,"['P5', 'P5']",2.0,1600.0,1800,200.0
E16-1,E16,C5^E16,"['P5', 'P5']",2.0,1600.0,2100,500.0
E16-2,E16,C5^E16,"['P5', 'P5']",2.0,1600.0,2100,500.0
E16-3,E16,C5^E16,"['P5', 'P5']",2.0,1600.0,2100,500.0
E16-4,E16,C5^E16,"['P5', 'P5']",2.0,1600.0,2100,500.0
E16-5,E16,C5^E16,"['P5', 'P5']",2.0,1600.0,2100,500.0
E16-6,E16,C5^E16,"['P5', 'P5']",2.0,1600.0,2100,500.0
E16-7,E16,C5^E16,"['P5', 'P5']",2.0,1600.0,2100,500.0
E16-8,E16,C5^E16,"['P5', 'P5']",2.0,1600.0,2100,500.0
E17-1,E17,C6^E17,['P6'],1.0,1600.0,2300,700.0
E17-2,E17,C6^E17,['P6'],1.0,1600.0,2300,700.0
E17-3,E17,C6^E17,['P6'],1.0,1600.0,2300,700.0
E17-4,E17,C6^E17,['P6'],1.0,1600.0,2300,700.0
E17-5,E17,C6^E17,['P6'],1.0,1600.0,2300,700.0
E17-6,E17,C6^E17,['P6'],1.0,1600.0,2300,700.0
E17-7,E17,C6^E17,['P6'],1.0,1600.0,2300,700.0
E17-8,E17,C6^E17,['P6'],1.0,1600.0,2300,700.0
E17-9,E17,C6^E17,['P6'],1.0,1600.0,2300,700.0
E17-10,E17,C6^E17,['P6'],1.0,1600.0,2300,700.0
E17-11,E17,C6^E17,['P6'],1.0,1600.0,2300,700.0
E17-12,E17,C6^E17,['P6'],1.0,1600.0,2300,700.0
E17-13,E17,C6^E17,['P6'],1.0,1600.0,2300,700.0
E17-14,E17,C6^E17,['P6'],1.0,1600.0,2300,700.0
E17-15,E17,C6^E17,['P6'],1.0,1600.0,2300,700.0
E17-16,E17,C6^E17,['P6'],1.0,1600.0,2300,700.0
E17-17,E17,C6^E17,['P6'],1.0,1600.0,2300,700.0
E17-18,E17,C6^E17,['P6'],1.0,1600.0,2300,700.0
E17-19,E17,C6^E17,['P6'],1.0,1600.0,2300,700.0
E17-20,E17,C6^E17,['P6'],1.0,1600.0,2300,700.0
E17-21,E17,C6^E17,['P6'],1.0,1600.0,2300,700.0
E17-22,E17,C6^E17,['P6'],1.0,1600.0,2300,700.0
E17-23,E17,C6^E17,['P6'],1.0,1600.0,2300,700.0
E17-24,E17,C6^E17,['P6'],1.0,1600.0,2300,700.0
E17-25,E17,C6^E17,['P6'],1.0,1600.0,2300,700.0
E17-26,E17,,,,,2300,
E17-27,E17,,,,,2300,
E17-28,E17,,,,,2300,
E17-29,E17,,,,,2300,
E17-30,E17,,,,,2300,
E17-31,E17,,,,,2300,
E17-32,E17,,,,,2300,
E17-33,E17,,,,,2300,
E17-34,E17,,,,,2300,
E17-35,E17,,,,,2300,
E17-36,E17,,,,,2300,
E17-37,E17,,,,,2300,
E17-38,E17,,,,,2300,
E17-39,E17,,,,,2300,
E17-40,E17,,,,,2300,
E18-1,E18,C8^E18,['P7'],1.0,2400.0,2400,0.0
E18-2,E18,C8^E18,['P7'],1.0,2400.0,2400,0.0
E18-3,E18,C8^E18,['P7'],1.0,2400.0,2400,0.0
E18-4,E18,C8^E18,['P7'],1.0,2400.0,2400,0.0
E18-5,E18,C8^E18,['P7'],1.0,2400.0,2400,0.0
E18-6,E18,C8^E18,['P7'],1.0,2400.0,2400,0.0
E18-7,E18,C8^E18,['P7'],1.0,2400.0,2400,0.0
E18-8,E18,C8^E18,['P7'],1.0,2400.0,2400,0.0
E18-9,E18,C8^E18,['P7'],1.0,2400.0,2400,0.0
E18-10,E18,C8^E18,['P7'],1.0,2400.0,2400,0.0
E18-11,E18,C8^E18,['P7'],1.0,2400.0,2400,0.0
E18-12,E18,C8^E18,['P7'],1.0,2400.0,2400,0.0
E18-13,E18,C8^E18,['P7'],1.0,2400.0,2400,0.0
E18-14,E18,C8^E18,['P7'],1.0,2400.0,2400,0.0
E18-15,E18,C8^E18,['P7'],1.0,2400.0,2400,0.0
E18-16,E18,C8^E18,['P7'],1.0,2400.0,2400,0.0
E18-17,E18,C8^E18,['P7'],1.0,2400.0,2400,0.0
E18-18,E18,C8^E18,['P7'],1.0,2400.0,2400,0.0
E18-19,E18,C8^E18,['P7'],1.0,2400.0,2400,0.0
E18-20,E18,C8^E18,['P7'],1.0,2400.0,2400,0.0
E18-21,E18,C8^E18,['P7'],1.0,2400.0,2400,0.0
E18-22,E18,C8^E18,['P7'],1.0,2400.0,2400,0.0
E18-23,E18,C8^E18,['P7'],1.0,2400.0,2400,0.0
E18-24,E18,C8^E18,['P7'],1.0,2400.0,2400,0.0
E18-25,E18,C8^E18,['P7'],1.0,2400.0,2400,0.0
E19-1,E19,C11^E19,['P7'],1.0,2400.0,2700,300.0
E19-2,E19,C11^E19,['P7'],1.0,2400.0,2700,300.0
E19-3,E19,C11^E19,['P7'],1.0,2400.0,2700,300.0
E20-1,E20,C14^E20,['P7'],1.0,2400.0,3000,600.0
E20-2,E20,C14^E20,['P7'],1.0,2400.0,3000,600.0
E20-3,E20,C14^E20,['P7'],1.0,2400.0,3000,600.0
E20-4,E20,C14^E20,['P7'],1.0,2400.0,3000,600.0
E20-5,E20,C14^E20,['P7'],1.0,2400.0,3000,600.0
E20-6,E20,C16^E20,"['P5', 'P5', 'P5']",3.0,2400.0,3000,600.0
E21-1,E21,C18^E21,"['P5', 'P5']",2.0,1600.0,2100,500.0
E22-1,E22,C19^E22,['P6'],1.0,1600.0,2300,700.0
E22-2,E22,C19^E22,['P6'],1.0,1600.0,2300,700.0
E22-3,E22,C19^E22,['P6'],1.0,1600.0,2300,700.0
E22-4,E22,C19^E22,['P6'],1.0,1600.0,2300,700.0
E22-5,E22,C19^E22,['P6'],1.0,1600.0,2300,700.0
E22-6,E22,C19^E22,['P6'],1.0,1600.0,2300,700.0
E22-7,E22,C19^E22,['P6'],1.0,1600.0,2300,700.0
E22-8,E22,C19^E22,['P6'],1.0,1600.0,2300,700.0
E22-9,E22,C19^E22,['P6'],1.0,1600.0,2300,700.0
E22-10,E22,C19^E22,['P6'],1.0,1600.0,2300,700.0
E22-11,E22,C19^E22,['P6'],1.0,1600.0,2300,700.0
E23-1,E23,C21^E23,['P7'],1.0,2400.0,3000,600.0
E23-2,E23,C21^E23,['P7'],1.0,2400.0,3000,600.0
E23-3,E23,C21^E23,['P7'],1.0,2400.0,3000,600.0
E24-1,E24,C0^E24,['P3'],1.0,800.0,1200,400.0
E24-2,E24,C0^E24,['P3'],1.0,800.0,1200,400.0
E24-3,E24,C0^E24,['P3'],1.0,800.0,1200,400.0
E24-4,E24,C0^E24,['P3'],1.0,800.0,1200,400.0
E24-5,E24,C0^E24,['P3'],1.0,800.0,1200,400.0
E24-6,E24,C0^E24,['P3'],1.0,800.0,1200,400.0
E24-7,E24,C0^E24,['P3'],1.0,800.0,1200,400.0
E24-8,E24,C0^E24,['P3'],1.0,800.0,1200,400.0
E24-9,E24,C0^E24,['P3'],1.0,800.0,1200,400.0
E24-10,E24,C0^E24,['P3'],1.0,800.0,1200,400.0
E24-11,E24,C0^E24,['P3'],1.0,800.0,1200,400.0
E25-1,E25,C1^E25,['P3'],1.0,800.0,1500,700.0
E25-2,E25,C1^E25,['P3'],1.0,800.0,1500,700.0
E25-3,E25,,,,,1500,
E25-4,E25,,,,,1500,
E25-5,E25,,,,,1500,
E25-6,E25,,,,,1500,
E25-7,E25,,,,,1500,
E25-8,E25,,,,,1500,
E25-9,E25,,,,,1500,
E25-10,E25,,,,,1500,
E25-11,E25,,,,,1500,
E25-12,E25,,,,,1500,
E25-13,E25,,,,,1500,
E25-14,E25,,,,,1500,
E25-15,E25,,,,,1500,
E25-16,E25,,,,,1500,
E25-17,E25,,,,,1500,
E25-18,E25,,,,,1500,
E25-19,E25,,,,,1500,
E25-20,E25,,,,,1500,
E25-21,E25,,,,,1500,
E25-22,E25,,,,,1500,
E25-23,E25,,,,,1500,
E25-24,E25,,,,,1500,
E25-25,E25,,,,,1500,
E25-26,E25,,,,,1500,
E25-27,E25,,,,,1500,
E25-28,E25,,,,,1500,
E25-29,E25,,,,,1500,
E25-30,E25,,,,,1500,
E25-31,E25,,,,,1500,
E25-32,E25,,,,,1500,
E25-33,E25,,,,,1500,
E25-34,E25,,,,,1500,
E25-35,E25,,,,,1500,
E25-36,E25,,,,,1500,
E25-37,E25,,,,,1500,
E25-38,E25,,,,,1500,
E25-39,E25,,,,,1500,
E25-40,E25,,,,,1500,
E25-41,E25,,,,,1500,
E25-42,E25,,,,,1500,
E25-43,E25,,,,,1500,
E25-44,E25,,,,,1500,
E25-45,E25,,,,,1500,
E26-1,E26,C2^E26,['P4'],1.0,1600.0,1800,200.0
E26-2,E26,C2^E26,['P4'],1.0,1600.0,1800,200.0
E26-3,E26,C2^E26,['P4'],1.0,1600.0,1800,200.0
E26-4,E26,C2^E26,['P4'],1.0,1600.0,1800,200.0
E26-5,E26,C2^E26,['P4'],1.0,1600.0,1800,200.0
E26-6,E26,C2^E26,['P4'],1.0,1600.0,1800,200.0
E26-7,E26,C2^E26,['P4'],1.0,1600.0,1800,200.0
E26-8,E26,C2^E26,['P4'],1.0,1600.0,1800,200.0
E26-9,E26,C2^E26,['P4'],1.0,1600.0,1800,200.0
E26-10,E26,C2^E26,['P4'],1.0,1600.0,1800,200.0
E26-11,E26,C2^E26,['P4'],1.0,1600.0,1800,200.0
E26-12,E26,C2^E26,['P4'],1.0,1600.0,1800,200.0
E26-13,E26,C2^E26,['P4'],1.0,1600.0,1800,200.0
E26-14,E26,C2^E26,['P4'],1.0,1600.0,1800,200.0
E26-15,E26,C2^E26,['P4'],1.0,1600.0,1800,200.0
E26-16,E26,C2^E26,['P4'],1.0,1600.0,1800,200.0
E26-17,E26,C2^E26,['P4'],1.0,1600.0,1800,200.0
E26-18,E26,C2^E26,['P4'],1.0,1600.0,1800,200.0
E26-19,E26,C2^E26,['P4'],1.0,1600.0,1800,200.0
E26-20,E26,C2^E26,['P4'],1.0,1600.0,1800,200.0
E26-21,E26,C2^E26,['P4'],1.0,1600.0,1800,200.0
E26-22,E26,C2^E26,['P4'],1.0,1600.0,1800,200.0
E26-23,E26,C2^E26,['P4'],1.0,1600.0,1800,200.0
E26-24,E26,C2^E26,['P4'],1.0,1600.0,1800,200.0
E26-25,E26,C2^E26,['P4'],1.0,1600.0,1800,200.0
E26-26,E26,C2^E26,['P4'],1.0,1600.0,1800,200.0
E26-27,E26,C2^E26,['P4'],1.0,1600.0,1800,200.0
E26-28,E26,C2^E26,['P4'],1.0,1600.0,1800,200.0
E26-29,E26,C2^E26,['P4'],1.0,1600.0,1800,200.0
E26-30,E26,C2^E26,['P4'],1.0,1600.0,1800,200.0
E26-31,E26,C2^E26,['P4'],1.0,1600.0,1800,200.0
E26-32,E26,C2^E26,['P4'],1.0,1600.0,1800,200.0
E26-33,E26,C2^E26,['P4'],1.0,1600.0,1800,200.0
E26-34,E26,C2^E26,['P4'],1.0,1600.0,1800,200.0
E26-35,E26,C2^E26,['P4'],1.0,1600.0,1800,200.0
E26-36,E26,C2^E26,['P4'],1.0,1600.0,1800,200.0
E26-37,E26,C2^E26,['P4'],1.0,1600.0,1800,200.0
E26-38,E26,C2^E26,['P4'],1.0,1600.0,1800,200.0
E26-39,E26,C2^E26,['P4'],1.0,1600.0,1800,200.0
E26-40,E26,C2^E26,['P4'],1.0,1600.0,1800,200.0
E26-41,E26,C2^E26,['P4'],1.0,1600.0,1800,200.0
E26-42,E26,C2^E26,['P4'],1.0,1600.0,1800,200.0
E26-43,E26,C2^E26,['P4'],1.0,1600.0,1800,200.0
E26-44,E26,C2^E26,['P4'],1.0,1600.0,1800,200.0
E26-45,E26,C2^E26,['P4'],1.0,1600.0,1800,200.0
E27-1,E27,C5^E27,"['P3', 'P3']",2.0,1600.0,2100,500.0
E27-2,E27,C5^E27,"['P3', 'P3']",2.0,1600.0,2100,500.0
E27-3,E27,C5^E27,"['P3', 'P3']",2.0,1600.0,2100,500.0
E27-4,E27,C5^E27,"['P3', 'P3']",2.0,1600.0,2100,500.0
E27-5,E27,C5^E27,"['P3', 'P3']",2.0,1600.0,2100,500.0
E27-6,E27,C5^E27,"['P3', 'P3']",2.0,1600.0,2100,500.0
E27-7,E27,C5^E27,"['P3', 'P3']",2.0,1600.0,2100,500.0
E27-8,E27,C5^E27,"['P3', 'P3']",2.0,1600.0,2100,500.0
E27-9,E27,C5^E27,"['P3', 'P3']",2.0,1600.0,2100,500.0
E27-10,E27,C5^E27,"['P3', 'P3']",2.0,1600.0,2100,500.0
E27-11,E27,C5^E27,"['P3', 'P3']",2.0,1600.0,2100,500.0
E27-12,E27,C5^E27,"['P3', 'P3']",2.0,1600.0,2100,500.0
E27-13,E27,C5^E27,"['P3', 'P3']",2.0,1600.0,2100,500.0
E27-14,E27,C5^E27,"['P3', 'P3']",2.0,1600.0,2100,500.0
E28-1,E28,C6^E28,['P4'],1.0,1600.0,2300,700.0
E28-2,E28,C6^E28,['P4'],1.0,1600.0,2300,700.0
E28-3,E28,C6^E28,['P4'],1.0,1600.0,2300,700.0
E28-4,E28,C6^E28,['P4'],1.0,1600.0,2300,700.0
E28-5,E28,C6^E28,['P4'],1.0,1600.0,2300,700.0
E28-6,E28,C6^E28,['P4'],1.0,1600.0,2300,700.0
E28-7,E28,C6^E28,['P4'],1.0,1600.0,2300,700.0
E28-8,E28,C6^E28,['P4'],1.0,1600.0,2300,700.0
E28-9,E28,C6^E28,['P4'],1.0,1600.0,2300,700.0
E28-10,E28,C6^E28,['P4'],1.0,1600.0,2300,700.0
E28-11,E28,C6^E28,['P4'],1.0,1600.0,2300,700.0
E28-12,E28,C6^E28,['P4'],1.0,1600.0,2300,700.0
E28-13,E28,C6^E28,['P4'],1.0,1600.0,2300,700.0
E28-14,E28,C6^E28,['P4'],1.0,1600.0,2300,700.0
E28-15,E28,C6^E28,['P4'],1.0,1600.0,2300,700.0
E28-16,E28,C6^E28,['P4'],1.0,1600.0,2300,700.0
E28-17,E28,C6^E28,['P4'],1.0,1600.0,2300,700.0
E28-18,E28,C6^E28,['P4'],1.0,1600.0,2300,700.0
E28-19,E28,C6^E28,['P4'],1.0,1600.0,2300,700.0
E28-20,E28,C6^E28,['P4'],1.0,1600.0,2300,700.0
E28-21,E28,C6^E28,['P4'],1.0,1600.0,2300,700.0
E28-22,E28,C6^E28,['P4'],1.0,1600.0,2300,700.0
E28-23,E28,C6^E28,['P4'],1.0,1600.0,2300,700.0
E28-24,E28,C7^E28,"['P3', 'P3']",2.0,1600.0,2300,700.0
E28-25,E28,C7^E28,"['P3', 'P3']",2.0,1600.0,2300,700.0
E28-26,E28,C7^E28,"['P3', 'P3']",2.0,1600.0,2300,700.0
E28-27,E28,C7^E28,"['P3', 'P3']",2.0,1600.0,2300,700.0
E28-28,E28,C7^E28,"['P3', 'P3']",2.0,1600.0,2300,700.0
E28-29,E28,C7^E28,"['P3', 'P3']",2.0,1600.0,2300,700.0
E28-30,E28,C7^E28,"['P3', 'P3']",2.0,1600.0,2300,700.0
E28-31,E28,C7^E28,"['P3', 'P3']",2.0,1600.0,2300,700.0
E28-32,E28,C7^E28,"['P3', 'P3']",2.0,1600.0,2300,700.0
E29-1,E29,C8^E29,['P0'],1.0,2400.0,2700,300.0
E29-2,E29,C8^E29,['P0'],1.0,2400.0,2700,300.0
E29-3,E29,C8^E29,['P0'],1.0,2400.0,2700,300.0
E29-4,E29,C8^E29,['P0'],1.0,2400.0,2700,300.0
E29-5,E29,C8^E29,['P0'],1.0,2400.0,2700,300.0
E29-6,E29,C8^E29,['P0'],1.0,2400.0,2700,300.0
E29-7,E29,C8^E29,['P0'],1.0,2400.0,2700,300.0
E29-8,E29,C8^E29,['P0'],1.0,2400.0,2700,300.0
E29-9,E29,C8^E29,['P0'],1.0,2400.0,2700,300.0
E29-10,E29,C8^E29,['P0'],1.0,2400.0,2700,300.0
E29-11,E29,C8^E29,['P0'],1.0,2400.0,2700,300.0
E29-12,E29,C8^E29,['P0'],1.0,2400.0,2700,300.0
E29-13,E29,C8^E29,['P0'],1.0,2400.0,2700,300.0
E29-14,E29,C8^E29,['P0'],1.0,2400.0,2700,300.0
E29-15,E29,C8^E29,['P0'],1.0,2400.0,2700,300.0
E29-16,E29,C8^E29,['P0'],1.0,2400.0,2700,300.0
E29-17,E29,C8^E29,['P0'],1.0,2400.0,2700,300.0
E29-18,E29,C8^E29,['P0'],1.0,2400.0,2700,300.0
E29-19,E29,C8^E29,['P0'],1.0,2400.0,2700,300.0
E29-20,E29,C8^E29,['P0'],1.0,2400.0,2700,300.0
E29-21,E29,C8^E29,['P0'],1.0,2400.0,2700,300.0
E29-22,E29,C8^E29,['P0'],1.0,2400.0,2700,300.0
E30-1,E30,C11^E30,['P0'],1.0,2400.0,3000,600.0
E30-2,E30,C11^E30,['P0'],1.0,2400.0,3000,600.0
E30-3,E30,C11^E30,['P0'],1.0,2400.0,3000,600.0
E30-4,E30,C11^E30,['P0'],1.0,2400.0,3000,600.0
E30-5,E30,C11^E30,['P0'],1.0,2400.0,3000,600.0
E30-6,E30,C11^E30,['P0'],1.0,2400.0,3000,600.0
E30-7,E30,C11^E30,['P0'],1.0,2400.0,3000,600.0
E30-8,E30,C11^E30,['P0'],1.0,2400.0,3000,600.0
E30-9,E30,C11^E30,['P0'],1.0,2400.0,3000,600.0
E30-10,E30,C11^E30,['P0'],1.0,2400.0,3000,600.0
E30-11,E30,C11^E30,['P0'],1.0,2400.0,3000,600.0
E30-12,E30,C11^E30,['P0'],1.0,2400.0,3000,600.0
E30-13,E30,C11^E30,['P0'],1.0,2400.0,3000,600.0
E30-14,E30,C11^E30,['P0'],1.0,2400.0,3000,600.0
E30-15,E30,C11^E30,['P0'],1.0,2400.0,3000,600.0
E30-16,E30,C11^E30,['P0'],1.0,2400.0,3000,600.0
E30-17,E30,C11^E30,['P0'],1.0,2400.0,3000,600.0
E30-18,E30,C11^E30,['P0'],1.0,2400.0,3000,600.0
E30-19,E30,C11^E30,['P0'],1.0,2400.0,3000,600.0
E30-20,E30,C11^E30,['P0'],1.0,2400.0,3000,600.0
E30-21,E30,C11^E30,['P0'],1.0,2400.0,3000,600.0
E31-1,E31,C14^E31,"['P0', 'P3']",2.0,3200.0,3300,100.0
E31-2,E31,C14^E31,"['P0', 'P3']",2.0,3200.0,3300,100.0
E31-3,E31,C14^E31,"['P0', 'P3']",2.0,3200.0,3300,100.0
E31-4,E31,C14^E31,"['P0', 'P3']",2.0,3200.0,3300,100.0
E31-5,E31,C14^E31,"['P0', 'P3']",2.0,3200.0,3300,100.0
E31-6,E31,C14^E31,"['P0', 'P3']",2.0,3200.0,3300,100.0
E31-7,E31,C14^E31,"['P0', 'P3']",2.0,3200.0,3300,100.0
E32-1,E32,C18^E32,"['P0', 'P3']",2.0,3200.0,3600,400.0
E32-2,E32,C18^E32,"['P0', 'P3']",2.0,3200.0,3600,400.0
E32-3,E32,C18^E32,"['P0', 'P3']",2.0,3200.0,3600,400.0
E33-1,E33,C22^E33,"['P0', 'P3']",2.0,3200.0,3900,700.0
E34-1,E34,C26^E34,"['P0', 'P4']",2.0,4000.0,4200,200.0
E34-2,E34,C26^E34,"['P0', 'P4']",2.0,4000.0,4200,200.0
E35-1,E35,C1^E35,['P25'],1.0,1200.0,1200,0.0
E35-2,E35,C1^E35,['P25'],1.0,1200.0,1200,0.0
E35-3,E35,,,,,1200,
E35-4,E35,,,,,1200,
E36-1,E36,,,,,1500,
E36-2,E36,,,,,1500,
E36-3,E36,,,,,1500,
E36-4,E36,,,,,1500,
E36-5,E36,,,,,1500,
E37-1,E37,C6^E37,['P30'],1.0,1507.0,1800,293.0
E37-2,E37,C6^E37,['P30'],1.0,1507.0,1800,293.0
E37-3,E37,C6^E37,['P30'],1.0,1507.0,1800,293.0
E37-4,E37,C6^E37,['P30'],1.0,1507.0,1800,293.0
E38-1,E38,C9^E38,['P30'],1.0,1507.0,2100,593.0
E38-2,E38,C9^E38,['P30'],1.0,1507.0,2100,593.0
E38-3,E38,C9^E38,['P30'],1.0,1507.0,2100,593.0
E38-4,E38,C9^E38,['P30'],1.0,1507.0,2100,593.0
E38-5,E38,C9^E38,['P30'],1.0,1507.0,2100,593.0
E39-1,E39,C13^E39,['P30'],1.0,1507.0,2300,793.0
E39-2,E39,C13^E39,['P30'],1.0,1507.0,2300,793.0
E39-3,E39,C13^E39,['P30'],1.0,1507.0,2300,793.0
E39-4,E39,C13^E39,['P30'],1.0,1507.0,2300,793.0
E39-5,E39,C13^E39,['P30'],1.0,1507.0,2300,793.0
E39-6,E39,C13^E39,['P30'],1.0,1507.0,2300,793.0
E39-7,E39,C13^E39,['P30'],1.0,1507.0,2300,793.0
E39-8,E39,C13^E39,['P30'],1.0,1507.0,2300,793.0
E39-9,E39,C13^E39,['P30'],1.0,1507.0,2300,793.0
E39-10,E39,C13^E39,['P30'],1.0,1507.0,2300,793.0
E39-11,E39,C13^E39,['P30'],1.0,1507.0,2300,793.0
E39-12,E39,C13^E39,['P30'],1.0,1507.0,2300,793.0
E39-13,E39,C13^E39,['P30'],1.0,1507.0,2300,793.0
E39-14,E39,C13^E39,['P30'],1.0,1507.0,2300,793.0
E39-15,E39,C13^E39,['P30'],1.0,1507.0,2300,793.0
E39-16,E39,C13^E39,['P30'],1.0,1507.0,2300,793.0
E39-17,E39,C13^E39,['P30'],1.0,1507.0,2300,793.0
E39-18,E39,C13^E39,['P30'],1.0,1507.0,2300,793.0
E39-19,E39,C13^E39,['P30'],1.0,1507.0,2300,793.0
E39-20,E39,C13^E39,['P30'],1.0,1507.0,2300,793.0
E39-21,E39,C13^E39,['P30'],1.0,1507.0,2300,793.0
E39-22,E39,C13^E39,['P30'],1.0,1507.0,2300,793.0
E39-23,E39,C13^E39,['P30'],1.0,1507.0,2300,793.0
E39-24,E39,C13^E39,['P30'],1.0,1507.0,2300,793.0
E40-1,E40,C17^E40,['P30'],1.0,1507.0,2400,893.0
E40-2,E40,C17^E40,['P30'],1.0,1507.0,2400,893.0
E40-3,E40,C17^E40,['P30'],1.0,1507.0,2400,893.0
E40-4,E40,C17^E40,['P30'],1.0,1507.0,2400,893.0
E40-5,E40,C17^E40,['P30'],1.0,1507.0,2400,893.0
E40-6,E40,C17^E40,['P30'],1.0,1507.0,2400,893.0
E40-7,E40,C17^E40,['P30'],1.0,1507.0,2400,893.0
E40-8,E40,C17^E40,['P30'],1.0,1507.0,2400,893.0
E40-9,E40,C17^E40,['P30'],1.0,1507.0,2400,893.0
E40-10,E40,C17^E40,['P30'],1.0,1507.0,2400,893.0
E40-11,E40,C17^E40,['P30'],1.0,1507.0,2400,893.0
E40-12,E40,C17^E40,['P30'],1.0,1507.0,2400,893.0
E40-13,E40,C17^E40,['P30'],1.0,1507.0,2400,893.0
E40-14,E40,C20^E40,"['P25', 'P25']",2.0,2400.0,2400,0.0
E40-15,E40,C20^E40,"['P25', 'P25']",2.0,2400.0,2400,0.0
E41-1,E41,C25^E41,"['P1', 'P1', 'P1']",3.0,2700.0,2700,0.0
E41-2,E41,C25^E41,"['P1', 'P1', 'P1']",3.0,2700.0,2700,0.0
E42-1,E42,C26^E42,['P28'],1.0,3000.0,3000,0.0
E42-2,E42,C26^E42,['P28'],1.0,3000.0,3000,0.0
E42-3,E42,C26^E42,['P28'],1.0,3000.0,3000,0.0
E42-4,E42,C26^E42,['P28'],1.0,3000.0,3000,0.0
E43-1,E43,C35^E43,['P30'],1.0,1507.0,2100,593.0
E44-1,E44,C38^E44,['P26'],1.0,1800.0,2300,500.0
E44-2,E44,C38^E44,['P26'],1.0,1800.0,2300,500.0
E44-3,E44,C38^E44,['P26'],1.0,1800.0,2300,500.0
E44-4,E44,C38^E44,['P26'],1.0,1800.0,2300,500.0
E44-5,E44,C38^E44,['P26'],1.0,1800.0,2300,500.0
E44-6,E44,C38^E44,['P26'],1.0,1800.0,2300,500.0
E44-7,E44,C39^E44,['P30'],1.0,1507.0,2300,793.0
E45-1,E45,C42^E45,['P28'],1.0,3000.0,3000,0.0
E45-2,E45,C42^E45,['P28'],1.0,3000.0,3000,0.0
E46-1,E46,C0^E46,['P8'],1.0,1200.0,1200,0.0
E46-2,E46,C0^E46,['P8'],1.0,1200.0,1200,0.0
E46-3,E46,C0^E46,['P8'],1.0,1200.0,1200,0.0
E46-4,E46,C0^E46,['P8'],1.0,1200.0,1200,0.0
E47-1,E47,C1^E47,['P8'],1.0,1200.0,1500,300.0
E47-2,E47,C1^E47,['P8'],1.0,1200.0,1500,300.0
E47-3,E47,C1^E47,['P8'],1.0,1200.0,1500,300.0
E47-4,E47,C1^E47,['P8'],1.0,1200.0,1500,300.0
E47-5,E47,C1^E47,['P8'],1.0,1200.0,1500,300.0
E47-6,E47,C1^E47,['P8'],1.0,1200.0,1500,300.0
E47-7,E47,C1^E47,['P8'],1.0,1200.0,1500,300.0
E47-8,E47,C1^E47,['P8'],1.0,1200.0,1500,300.0
E47-9,E47,C1^E47,['P8'],1.0,1200.0,1500,300.0
E47-10,E47,C1^E47,['P8'],1.0,1200.0,1500,300.0
E47-11,E47,C1^E47,['P8'],1.0,1200.0,1500,300.0
E47-12,E47,C1^E47,['P8'],1.0,1200.0,1500,300.0
E47-13,E47,C1^E47,['P8'],1.0,1200.0,1500,300.0
E47-14,E47,,,,,1500,
E47-15,E47,,,,,1500,
E48-1,E48,C3^E48,['P9'],1.0,1800.0,1800,0.0
E48-2,E48,C3^E48,['P9'],1.0,1800.0,1800,0.0
E48-3,E48,C3^E48,['P9'],1.0,1800.0,1800,0.0
E48-4,E48,C3^E48,['P9'],1.0,1800.0,1800,0.0
E48-5,E48,C3^E48,['P9'],1.0,1800.0,1800,0.0
E48-6,E48,C3^E48,['P9'],1.0,1800.0,1800,0.0
E48-7,E48,C3^E48,['P9'],1.0,1800.0,1800,0.0
E48-8,E48,C3^E48,['P9'],1.0,1800.0,1800,0.0
E48-9,E48,C3^E48,['P9'],1.0,1800.0,1800,0.0
E48-10,E48,C3^E48,['P9'],1.0,1800.0,1800,0.0
E48-11,E48,C3^E48,['P9'],1.0,1800.0,1800,0.0
E48-12,E48,C3^E48,['P9'],1.0,1800.0,1800,0.0
E48-13,E48,C3^E48,['P9'],1.0,1800.0,1800,0.0
E48-14,E48,C3^E48,['P9'],1.0,1800.0,1800,0.0
E48-15,E48,C3^E48,['P9'],1.0,1800.0,1800,0.0
E49-1,E49,C5^E49,['P9'],1.0,1800.0,2100,300.0
E49-2,E49,C5^E49,['P9'],1.0,1800.0,2100,300.0
E49-3,E49,C5^E49,['P9'],1.0,1800.0,2100,300.0
E49-4,E49,C5^E49,['P9'],1.0,1800.0,2100,300.0
E50-1,E50,C7^E50,['P9'],1.0,1800.0,2300,500.0
E50-2,E50,,,,,2300,
E50-3,E50,,,,,2300,
E50-4,E50,,,,,2300,
E50-5,E50,,,,,2300,
E50-6,E50,,,,,2300,
E50-7,E50,,,,,2300,
E50-8,E50,,,,,2300,
E50-9,E50,,,,,2300,
E50-10,E50,,,,,2300,
E50-11,E50,,,,,2300,
E51-1,E51,C9^E51,['P10'],1.0,2400.0,2700,300.0
E51-2,E51,C9^E51,['P10'],1.0,2400.0,2700,300.0
E51-3,E51,C9^E51,['P10'],1.0,2400.0,2700,300.0
E51-4,E51,C9^E51,['P10'],1.0,2400.0,2700,300.0
E51-5,E51,C9^E51,['P10'],1.0,2400.0,2700,300.0
E51-6,E51,C9^E51,['P10'],1.0,2400.0,2700,300.0
E51-7,E51,C9^E51,['P10'],1.0,2400.0,2700,300.0
E52-1,E52,C12^E52,['P11'],1.0,3000.0,3000,0.0
E52-2,E52,C12^E52,['P11'],1.0,3000.0,3000,0.0
E52-3,E52,C12^E52,['P11'],1.0,3000.0,3000,0.0
E52-4,E52,C12^E52,['P11'],1.0,3000.0,3000,0.0
E52-5,E52,C12^E52,['P11'],1.0,3000.0,3000,0.0
E52-6,E52,C12^E52,['P11'],1.0,3000.0,3000,0.0
E52-7,E52,C14^E52,"['P8', 'P9']",2.0,3000.0,3000,0.0
E53-1,E53,C16^E53,['P11'],1.0,3000.0,3300,300.0
E53-2,E53,C16^E53,['P11'],1.0,3000.0,3300,300.0
E54-1,E54,C23^E54,"['P9', 'P9']",2.0,3600.0,3600,0.0
E55-1,E55,C30^E55,"['P9', 'P10']",2.0,4200.0,4200,0.0
E56-1,E56,,,,,1200,
E57-1,E57,,,,,1500,
E57-2,E57,,,,,1500,
E58-1,E58,,,,,1800,
E59-1,E59,,,,,2100,
E60-1,E60,,,,,2300,
E60-2,E60,,,,,2300,
E60-3,E60,,,,,2300,
E60-4,E60,,,,,2300,
E60-5,E60,,,,,2300,
E60-6,E60,,,,,2300,
E60-7,E60,,,,,2300,
E60-8,E60,,,,,2300,
E61-1,E61,,,,,2400,
E61-2,E61,,,,,2400,
E61-3,E61,,,,,2400,
E61-4,E61,,,,,2400,
E61-5,E61,,,,,2400,
E62-1,E62,,,,,3000,
E63-1,E63,,,,,2300,
E63-2,E63,,,,,2300,
E64-1,E64,,,,,1200,
E64-2,E64,,,,,1200,
E64-3,E64,,,,,1200,
E65-1,E65,,,,,1500,
E65-2,E65,,,,,1500,
E65-3,E65,,,,,1500,
E65-4,E65,,,,,1500,
E65-5,E65,,,,,1500,
E65-6,E65,,,,,1500,
E65-7,E65,,,,,1500,
E65-8,E65,,,,,1500,
E65-9,E65,,,,,1500,
E65-10,E65,,,,,1500,
E65-11,E65,,,,,1500,
E65-12,E65,,,,,1500,
E65-13,E65,,,,,1500,
E65-14,E65,,,,,1500,
E65-15,E65,,,,,1500,
E66-1,E66,C0^E66,['P29'],1.0,1507.0,1800,293.0
E66-2,E66,C0^E66,['P29'],1.0,1507.0,1800,293.0
E66-3,E66,C0^E66,['P29'],1.0,1507.0,1800,293.0
E66-4,E66,C0^E66,['P29'],1.0,1507.0,1800,293.0
E66-5,E66,C0^E66,['P29'],1.0,1507.0,1800,293.0
E66-6,E66,C0^E66,['P29'],1.0,1507.0,1800,293.0
E66-7,E66,C0^E66,['P29'],1.0,1507.0,1800,293.0
E66-8,E66,C0^E66,['P29'],1.0,1507.0,1800,293.0
E66-9,E66,C0^E66,['P29'],1.0,1507.0,1800,293.0
E66-10,E66,C0^E66,['P29'],1.0,1507.0,1800,293.0
E66-11,E66,C0^E66,['P29'],1.0,1507.0,1800,293.0
E66-12,E66,C0^E66,['P29'],1.0,1507.0,1800,293.0
E66-13,E66,C0^E66,['P29'],1.0,1507.0,1800,293.0
E66-14,E66,C0^E66,['P29'],1.0,1507.0,1800,293.0
E66-15,E66,C0^E66,['P29'],1.0,1507.0,1800,293.0
E67-1,E67,C1^E67,['P29'],1.0,1507.0,2100,593.0
E67-2,E67,C1^E67,['P29'],1.0,1507.0,2100,593.0
E67-3,E67,C1^E67,['P29'],1.0,1507.0,2100,593.0
E67-4,E67,C1^E67,['P29'],1.0,1507.0,2100,593.0
E68-1,E68,C2^E68,['P29'],1.0,1507.0,2300,793.0
E68-2,E68,C2^E68,['P29'],1.0,1507.0,2300,793.0
E68-3,E68,C2^E68,['P29'],1.0,1507.0,2300,793.0
E68-4,E68,C2^E68,['P29'],1.0,1507.0,2300,793.0
E68-5,E68,C2^E68,['P29'],1.0,1507.0,2300,793.0
E68-6,E68,C2^E68,['P29'],1.0,1507.0,2300,793.0
E68-7,E68,C2^E68,['P29'],1.0,1507.0,2300,793.0
E68-8,E68,C2^E68,['P29'],1.0,1507.0,2300,793.0
E68-9,E68,C2^E68,['P29'],1.0,1507.0,2300,793.0
E68-10,E68,C2^E68,['P29'],1.0,1507.0,2300,793.0
E69-1,E69,C3^E69,['P29'],1.0,1507.0,2700,1193.0
E69-2,E69,C3^E69,['P29'],1.0,1507.0,2700,1193.0
E69-3,E69,C3^E69,['P29'],1.0,1507.0,2700,1193.0
E69-4,E69,C3^E69,['P29'],1.0,1507.0,2700,1193.0
E69-5,E69,C3^E69,['P29'],1.0,1507.0,2700,1193.0
E69-6,E69,C3^E69,['P29'],1.0,1507.0,2700,1193.0
E69-7,E69,C3^E69,['P29'],1.0,1507.0,2700,1193.0
E70-1,E70,C4^E70,['P29'],1.0,1507.0,3000,1493.0
E70-2,E70,C4^E70,['P29'],1.0,1507.0,3000,1493.0
E70-3,E70,C4^E70,['P29'],1.0,1507.0,3000,1493.0
E70-4,E70,C4^E70,['P29'],1.0,1507.0,3000,1493.0
E70-5,E70,C4^E70,['P29'],1.0,1507.0,3000,1493.0
E70-6,E70,C4^E70,['P29'],1.0,1507.0,3000,1493.0
E70-7,E70,,,,,3000,
E71-1,E71,C5^E71,"['P29', 'P29']",2.0,3014.0,3300,286.0
E71-2,E71,C5^E71,"['P29', 'P29']",2.0,3014.0,3300,286.0
E72-1,E72,C6^E72,"['P29', 'P29']",2.0,3014.0,3600,586.0
E73-1,E73,,,,,1200,
E74-1,E74,,,,,1500,
E74-2,E74,,,,,1500,
E75-1,E75,,,,,1800,
E76-1,E76,,,,,2100,
E77-1,E77,,,,,2300,
E77-2,E77,,,,,2300,
E77-3,E77,,,,,2300,
E77-4,E77,,,,,2300,
E77-5,E77,,,,,2300,
E77-6,E77,,,,,2300,
E77-7,E77,,,,,2300,
E77-8,E77,,,,,2300,
E78-1,E78,,,,,2400,
E78-2,E78,,,,,2400,
E78-3,E78,,,,,2400,
E78-4,E78,,,,,2400,
E78-5,E78,,,,,2400,
E79-1,E79,,,,,3000,
E80-1,E80,,,,,2300,
E80-2,E80,,,,,2300,
